0.9,0.1,0.1,svm_rbf,0.9772951628825272,0.9772951628825272
0.95,0.1,0.1,svm_rbf,0.9772951628825272,0.9772951628825272
0.99,0.1,0.1,svm_rbf,0.9898815399802566,0.9898815399802566
1.0,0.1,0.1,svm_rbf,0.9898815399802566,0.9898815399802566
0.9,0.1,0.1,logistic_regression,0.9884007897334649,0.9802566633761106
0.95,0.1,0.1,logistic_regression,0.9884007897334649,0.9802566633761106
0.99,0.1,0.1,logistic_regression,0.9884007897334649,0.9802566633761106
1.0,0.1,0.1,logistic_regression,0.9898815399802566,0.9888943731490621
0.9,0.1,0.1,decision_tree,0.9898815399802566,0.9898815399802566
0.95,0.1,0.1,decision_tree,0.9898815399802566,0.9898815399802566
0.99,0.1,0.1,decision_tree,0.9898815399802566,0.9898815399802566
1.0,0.1,0.1,decision_tree,0.9898815399802566,0.9898815399802566
0.9,0.1,0.1,random_forest,0.9111549851924975,0.48321816386969396
0.95,0.1,0.1,random_forest,0.9513820335636722,0.7295162882527148
0.99,0.1,0.1,random_forest,0.9879072063178678,0.971618953603159
1.0,0.1,0.1,random_forest,0.9898815399802566,0.9898815399802566
0.9,0.1,0.2,svm_rbf,0.9790227048371175,0.9790227048371175
0.95,0.1,0.2,svm_rbf,0.9790227048371175,0.9790227048371175
0.99,0.1,0.2,svm_rbf,0.9901283316880553,0.9901283316880553
1.0,0.1,0.2,svm_rbf,0.9901283316880553,0.9901283316880553
0.9,0.1,0.2,logistic_regression,0.9884007897334649,0.9805034550839091
0.95,0.1,0.2,logistic_regression,0.9884007897334649,0.9805034550839091
0.99,0.1,0.2,logistic_regression,0.9884007897334649,0.9805034550839091
1.0,0.1,0.2,logistic_regression,0.9901283316880553,0.9891411648568608
0.9,0.1,0.2,decision_tree,0.9901283316880553,0.9901283316880553
0.95,0.1,0.2,decision_tree,0.9901283316880553,0.9901283316880553
0.99,0.1,0.2,decision_tree,0.9901283316880553,0.9901283316880553
1.0,0.1,0.2,decision_tree,0.9901283316880553,0.9901283316880553
0.9,0.1,0.2,random_forest,0.9232477788746298,0.5649062191510366
0.95,0.1,0.2,random_forest,0.9563178677196447,0.763573543928924
0.99,0.1,0.2,random_forest,0.9884007897334649,0.9730997038499506
1.0,0.1,0.2,random_forest,0.9901283316880553,0.9901283316880553
0.9,0.1,0.3,svm_rbf,0.9802566633761106,0.9802566633761106
0.95,0.1,0.3,svm_rbf,0.9802566633761106,0.9802566633761106
0.99,0.1,0.3,svm_rbf,0.9903751233958539,0.9903751233958539
1.0,0.1,0.3,svm_rbf,0.9903751233958539,0.9903751233958539
0.9,0.1,0.3,logistic_regression,0.9888943731490621,0.9822309970384995
0.95,0.1,0.3,logistic_regression,0.9888943731490621,0.9822309970384995
0.99,0.1,0.3,logistic_regression,0.9888943731490621,0.9822309970384995
1.0,0.1,0.3,logistic_regression,0.9903751233958539,0.989634748272458
0.9,0.1,0.3,decision_tree,0.9903751233958539,0.9903751233958539
0.95,0.1,0.3,decision_tree,0.9903751233958539,0.9903751233958539
0.99,0.1,0.3,decision_tree,0.9903751233958539,0.9903751233958539
1.0,0.1,0.3,decision_tree,0.9903751233958539,0.9903751233958539
0.9,0.1,0.3,random_forest,0.9316386969397829,0.6261105626850938
0.95,0.1,0.3,random_forest,0.9639684106614018,0.8181145113524185
0.99,0.1,0.3,random_forest,0.9886475814412635,0.9745804540967423
1.0,0.1,0.3,random_forest,0.9903751233958539,0.9903751233958539
0.9,0.1,0.4,svm_rbf,0.983218163869694,0.983218163869694
0.95,0.1,0.4,svm_rbf,0.983218163869694,0.983218163869694
0.99,0.1,0.4,svm_rbf,0.9921026653504442,0.9921026653504442
1.0,0.1,0.4,svm_rbf,0.9921026653504442,0.9921026653504442
0.9,0.1,0.4,logistic_regression,0.9827245804540967,0.9096742349457059
0.95,0.1,0.4,logistic_regression,0.9827245804540967,0.9096742349457059
0.99,0.1,0.4,logistic_regression,0.9908687068114511,0.9849457058242843
1.0,0.1,0.4,logistic_regression,0.9921026653504442,0.9913622902270484
0.9,0.1,0.4,decision_tree,0.9921026653504442,0.9921026653504442
0.95,0.1,0.4,decision_tree,0.9921026653504442,0.9921026653504442
0.99,0.1,0.4,decision_tree,0.9921026653504442,0.9921026653504442
1.0,0.1,0.4,decision_tree,0.9921026653504442,0.9921026653504442
0.9,0.1,0.4,random_forest,0.9437314906219151,0.6907699901283317
0.95,0.1,0.4,random_forest,0.967670286278381,0.8324284304047384
0.99,0.1,0.4,random_forest,0.9906219151036525,0.9792694965449161
1.0,0.1,0.4,random_forest,0.9921026653504442,0.9921026653504442
0.9,0.1,0.5,svm_rbf,0.9859328726554788,0.9859328726554788
0.95,0.1,0.5,svm_rbf,0.9859328726554788,0.9859328726554788
0.99,0.1,0.5,svm_rbf,0.9933366238894373,0.9933366238894373
1.0,0.1,0.5,svm_rbf,0.9933366238894373,0.9933366238894373
0.9,0.1,0.5,logistic_regression,0.9777887462981244,0.8613030602171767
0.95,0.1,0.5,logistic_regression,0.9777887462981244,0.8613030602171767
0.99,0.1,0.5,logistic_regression,0.991609081934847,0.9842053307008884
1.0,0.1,0.5,logistic_regression,0.9933366238894373,0.9925962487660415
0.9,0.1,0.5,decision_tree,0.9933366238894373,0.9933366238894373
0.95,0.1,0.5,decision_tree,0.9933366238894373,0.9933366238894373
0.99,0.1,0.5,decision_tree,0.9933366238894373,0.9933366238894373
1.0,0.1,0.5,decision_tree,0.9933366238894373,0.9933366238894373
0.9,0.1,0.5,random_forest,0.9545903257650543,0.756416584402764
0.95,0.1,0.5,random_forest,0.9750740375123396,0.8770977295162883
0.99,0.1,0.5,random_forest,0.9923494570582428,0.983218163869694
1.0,0.1,0.5,random_forest,0.9933366238894373,0.9933366238894373
0.9,0.2,0.1,svm_rbf,0.9686574531095755,0.9686574531095755
0.95,0.2,0.1,svm_rbf,0.9686574531095755,0.9686574531095755
0.99,0.2,0.1,svm_rbf,0.9908687068114511,0.9908687068114511
1.0,0.2,0.1,svm_rbf,0.9908687068114511,0.9908687068114511
0.9,0.2,0.1,logistic_regression,0.9874136229022705,0.9693978282329714
0.95,0.2,0.1,logistic_regression,0.9874136229022705,0.9693978282329714
0.99,0.2,0.1,logistic_regression,0.9874136229022705,0.9693978282329714
1.0,0.2,0.1,logistic_regression,0.9908687068114511,0.9898815399802566
0.9,0.2,0.1,decision_tree,0.9908687068114511,0.9908687068114511
0.95,0.2,0.1,decision_tree,0.9908687068114511,0.9908687068114511
0.99,0.2,0.1,decision_tree,0.9908687068114511,0.9908687068114511
1.0,0.2,0.1,decision_tree,0.9908687068114511,0.9908687068114511
0.9,0.2,0.1,random_forest,0.9237413622902271,0.5681145113524185
0.95,0.2,0.1,random_forest,0.9568114511352419,0.7917077986179665
0.99,0.2,0.1,random_forest,0.9854392892398816,0.9671767028627838
1.0,0.2,0.1,random_forest,0.9908687068114511,0.9908687068114511
0.9,0.2,0.2,svm_rbf,0.9726061204343535,0.9726061204343535
0.95,0.2,0.2,svm_rbf,0.9726061204343535,0.9726061204343535
0.99,0.2,0.2,svm_rbf,0.9913622902270484,0.9913622902270484
1.0,0.2,0.2,svm_rbf,0.9913622902270484,0.9913622902270484
0.9,0.2,0.2,logistic_regression,0.9829713721618953,0.9030108588351431
0.95,0.2,0.2,logistic_regression,0.9829713721618953,0.9030108588351431
0.99,0.2,0.2,logistic_regression,0.9886475814412635,0.9723593287265548
1.0,0.2,0.2,logistic_regression,0.9913622902270484,0.9906219151036525
0.9,0.2,0.2,decision_tree,0.9913622902270484,0.9913622902270484
0.95,0.2,0.2,decision_tree,0.9913622902270484,0.9913622902270484
0.99,0.2,0.2,decision_tree,0.9913622902270484,0.9913622902270484
1.0,0.2,0.2,decision_tree,0.9913622902270484,0.9913622902270484
0.9,0.2,0.2,random_forest,0.9326258637709773,0.6110562685093781
0.95,0.2,0.2,random_forest,0.9624876604146101,0.812685093780849
0.99,0.2,0.2,random_forest,0.9869200394866733,0.9713721618953604
1.0,0.2,0.2,random_forest,0.9913622902270484,0.9913622902270484
0.9,0.2,0.3,svm_rbf,0.9765547877591313,0.9765547877591313
0.95,0.2,0.3,svm_rbf,0.9765547877591313,0.9765547877591313
0.99,0.2,0.3,svm_rbf,0.9918558736426456,0.9918558736426456
1.0,0.2,0.3,svm_rbf,0.9918558736426456,0.9918558736426456
0.9,0.2,0.3,logistic_regression,0.9844521224086871,0.9180651530108588
0.95,0.2,0.3,logistic_regression,0.9844521224086871,0.9180651530108588
0.99,0.2,0.3,logistic_regression,0.9884007897334649,0.9637216189536032
1.0,0.2,0.3,logistic_regression,0.9918558736426456,0.9908687068114511
0.9,0.2,0.3,decision_tree,0.9918558736426456,0.9918558736426456
0.95,0.2,0.3,decision_tree,0.9918558736426456,0.9918558736426456
0.99,0.2,0.3,decision_tree,0.9918558736426456,0.9918558736426456
1.0,0.2,0.3,decision_tree,0.9918558736426456,0.9918558736426456
0.9,0.2,0.3,random_forest,0.9429911154985192,0.6764560710760118
0.95,0.2,0.3,random_forest,0.9674234945705824,0.8437808489634748
0.99,0.2,0.3,random_forest,0.9879072063178678,0.9750740375123396
1.0,0.2,0.3,random_forest,0.9918558736426456,0.9918558736426456
0.9,0.2,0.4,svm_rbf,0.9827245804540967,0.9827245804540967
0.95,0.2,0.4,svm_rbf,0.9827245804540967,0.9827245804540967
0.99,0.2,0.4,svm_rbf,0.9943237907206318,0.9943237907206318
1.0,0.2,0.4,svm_rbf,0.9943237907206318,0.9943237907206318
0.9,0.2,0.4,logistic_regression,0.9851924975320829,0.9084402764067128
0.95,0.2,0.4,logistic_regression,0.9851924975320829,0.9084402764067128
0.99,0.2,0.4,logistic_regression,0.9911154985192497,0.9703849950641659
1.0,0.2,0.4,logistic_regression,0.9943237907206318,0.9938302073050346
0.9,0.2,0.4,decision_tree,0.9943237907206318,0.9943237907206318
0.95,0.2,0.4,decision_tree,0.9943237907206318,0.9943237907206318
0.99,0.2,0.4,decision_tree,0.9943237907206318,0.9943237907206318
1.0,0.2,0.4,decision_tree,0.9943237907206318,0.9943237907206318
0.9,0.2,0.4,random_forest,0.9553307008884502,0.7556762092793682
0.95,0.2,0.4,random_forest,0.9750740375123396,0.8877097729516288
0.99,0.2,0.4,random_forest,0.9906219151036525,0.9802566633761106
1.0,0.2,0.4,random_forest,0.9943237907206318,0.9943237907206318
0.9,0.2,0.5,svm_rbf,0.986426456071076,0.986426456071076
0.95,0.2,0.5,svm_rbf,0.986426456071076,0.986426456071076
0.99,0.2,0.5,svm_rbf,0.9955577492596249,0.9955577492596249
1.0,0.2,0.5,svm_rbf,0.9955577492596249,0.9955577492596249
0.9,0.2,0.5,logistic_regression,0.9822309970384995,0.8948667324777887
0.95,0.2,0.5,logistic_regression,0.9822309970384995,0.8948667324777887
0.99,0.2,0.5,logistic_regression,0.9930898321816387,0.9819842053307009
1.0,0.2,0.5,logistic_regression,0.9955577492596249,0.9953109575518263
0.9,0.2,0.5,decision_tree,0.9955577492596249,0.9955577492596249
0.95,0.2,0.5,decision_tree,0.9955577492596249,0.9955577492596249
0.99,0.2,0.5,decision_tree,0.9955577492596249,0.9955577492596249
1.0,0.2,0.5,decision_tree,0.9955577492596249,0.9955577492596249
0.9,0.2,0.5,random_forest,0.9661895360315893,0.8336623889437315
0.95,0.2,0.5,random_forest,0.9809970384995064,0.9244817374136229
0.99,0.2,0.5,random_forest,0.9938302073050346,0.9903751233958539
1.0,0.2,0.5,random_forest,0.9955577492596249,0.9955577492596249
0.9,0.3,0.1,svm_rbf,0.9619940769990128,0.9619940769990128
0.95,0.3,0.1,svm_rbf,0.9930898321816387,0.9930898321816387
0.99,0.3,0.1,svm_rbf,0.9930898321816387,0.9930898321816387
1.0,0.3,0.1,svm_rbf,0.9930898321816387,0.9930898321816387
0.9,0.3,0.1,logistic_regression,0.9846989141164857,0.9067127344521224
0.95,0.3,0.1,logistic_regression,0.9846989141164857,0.9067127344521224
0.99,0.3,0.1,logistic_regression,0.9911154985192497,0.9787759131293189
1.0,0.3,0.1,logistic_regression,0.9930898321816387,0.9921026653504442
0.9,0.3,0.1,decision_tree,0.9930898321816387,0.9930898321816387
0.95,0.3,0.1,decision_tree,0.9930898321816387,0.9930898321816387
0.99,0.3,0.1,decision_tree,0.9930898321816387,0.9930898321816387
1.0,0.3,0.1,decision_tree,0.9930898321816387,0.9930898321816387
0.9,0.3,0.1,random_forest,0.934106614017769,0.631786771964462
0.95,0.3,0.1,random_forest,0.9654491609081934,0.8672260612043435
0.99,0.3,0.1,random_forest,0.9871668311944719,0.9679170779861797
1.0,0.3,0.1,random_forest,0.9930898321816387,0.9903751233958539
0.9,0.3,0.2,svm_rbf,0.9681638696939783,0.9681638696939783
0.95,0.3,0.2,svm_rbf,0.9948173741362291,0.9948173741362291
0.99,0.3,0.2,svm_rbf,0.9948173741362291,0.9948173741362291
1.0,0.3,0.2,svm_rbf,0.9948173741362291,0.9948173741362291
0.9,0.3,0.2,logistic_regression,0.9876604146100691,0.9217670286278381
0.95,0.3,0.2,logistic_regression,0.9876604146100691,0.9217670286278381
0.99,0.3,0.2,logistic_regression,0.9928430404738401,0.9819842053307009
1.0,0.3,0.2,logistic_regression,0.9948173741362291,0.9940769990128332
0.9,0.3,0.2,decision_tree,0.9948173741362291,0.9948173741362291
0.95,0.3,0.2,decision_tree,0.9948173741362291,0.9948173741362291
0.99,0.3,0.2,decision_tree,0.9948173741362291,0.9948173741362291
1.0,0.3,0.2,decision_tree,0.9948173741362291,0.9948173741362291
0.9,0.3,0.2,random_forest,0.945705824284304,0.6813919052319842
0.95,0.3,0.2,random_forest,0.971618953603159,0.8738894373149062
0.99,0.3,0.2,random_forest,0.9903751233958539,0.9735932872655478
1.0,0.3,0.2,random_forest,0.9948173741362291,0.9925962487660415
0.9,0.3,0.3,svm_rbf,0.9743336623889437,0.9743336623889437
0.95,0.3,0.3,svm_rbf,0.9970384995064165,0.9970384995064165
0.99,0.3,0.3,svm_rbf,0.9970384995064165,0.9970384995064165
1.0,0.3,0.3,svm_rbf,0.9970384995064165,0.9970384995064165
0.9,0.3,0.3,logistic_regression,0.9587857847976308,0.7179170779861797
0.95,0.3,0.3,logistic_regression,0.9911154985192497,0.9397828232971372
0.99,0.3,0.3,logistic_regression,0.9950641658440277,0.9871668311944719
1.0,0.3,0.3,logistic_regression,0.9970384995064165,0.9965449160908193
0.9,0.3,0.3,decision_tree,0.9970384995064165,0.9970384995064165
0.95,0.3,0.3,decision_tree,0.9970384995064165,0.9970384995064165
0.99,0.3,0.3,decision_tree,0.9970384995064165,0.9970384995064165
1.0,0.3,0.3,decision_tree,0.9970384995064165,0.9970384995064165
0.9,0.3,0.3,random_forest,0.9575518262586377,0.7534550839091807
0.95,0.3,0.3,random_forest,0.9772951628825272,0.8926456071076012
0.99,0.3,0.3,random_forest,0.9933366238894373,0.9790227048371175
1.0,0.3,0.3,random_forest,0.9970384995064165,0.9955577492596249
0.9,0.3,0.4,svm_rbf,0.9807502467917077,0.9807502467917077
0.95,0.3,0.4,svm_rbf,0.998025666337611,0.998025666337611
0.99,0.3,0.4,svm_rbf,0.998025666337611,0.998025666337611
1.0,0.3,0.4,svm_rbf,0.998025666337611,0.998025666337611
0.9,0.3,0.4,logistic_regression,0.9684106614017769,0.7857847976307996
0.95,0.3,0.4,logistic_regression,0.9851924975320829,0.8938795656465943
0.99,0.3,0.4,logistic_regression,0.9955577492596249,0.9856860809476802
1.0,0.3,0.4,logistic_regression,0.998025666337611,0.9977788746298124
0.9,0.3,0.4,decision_tree,0.998025666337611,0.998025666337611
0.95,0.3,0.4,decision_tree,0.998025666337611,0.998025666337611
0.99,0.3,0.4,decision_tree,0.998025666337611,0.998025666337611
1.0,0.3,0.4,decision_tree,0.998025666337611,0.998025666337611
0.9,0.3,0.4,random_forest,0.9686574531095755,0.8240375123395854
0.95,0.3,0.4,random_forest,0.9834649555774926,0.9195459032576505
0.99,0.3,0.4,random_forest,0.9955577492596249,0.9844521224086871
1.0,0.3,0.4,random_forest,0.998025666337611,0.9970384995064165
0.9,0.3,0.5,svm_rbf,0.9866732477788747,0.9866732477788747
0.95,0.3,0.5,svm_rbf,0.9990128331688055,0.9990128331688055
0.99,0.3,0.5,svm_rbf,0.9990128331688055,0.9990128331688055
1.0,0.3,0.5,svm_rbf,0.9990128331688055,0.9990128331688055
0.9,0.3,0.5,logistic_regression,0.9795162882527148,0.8541461006910168
0.95,0.3,0.5,logistic_regression,0.9898815399802566,0.9210266535044422
0.99,0.3,0.5,logistic_regression,0.9970384995064165,0.9871668311944719
1.0,0.3,0.5,logistic_regression,0.9990128331688055,0.9987660414610069
0.9,0.3,0.5,decision_tree,0.9990128331688055,0.9990128331688055
0.95,0.3,0.5,decision_tree,0.9990128331688055,0.9990128331688055
0.99,0.3,0.5,decision_tree,0.9990128331688055,0.9990128331688055
1.0,0.3,0.5,decision_tree,0.9990128331688055,0.9990128331688055
0.9,0.3,0.5,random_forest,0.9792694965449161,0.8832675222112537
0.95,0.3,0.5,random_forest,0.9891411648568608,0.9442250740375123
0.99,0.3,0.5,random_forest,0.9970384995064165,0.9888943731490621
1.0,0.3,0.5,random_forest,0.9990128331688055,0.9982724580454096
0.9,0.4,0.1,svm_rbf,0.9605133267522211,0.9605133267522211
0.95,0.4,0.1,svm_rbf,0.9940769990128332,0.9940769990128332
0.99,0.4,0.1,svm_rbf,0.9940769990128332,0.9940769990128332
1.0,0.4,0.1,svm_rbf,0.9940769990128332,0.9940769990128332
0.9,0.4,0.1,logistic_regression,0.9829713721618953,0.8911648568608095
0.95,0.4,0.1,logistic_regression,0.9829713721618953,0.8911648568608095
0.99,0.4,0.1,logistic_regression,0.9928430404738401,0.9807502467917077
1.0,0.4,0.1,logistic_regression,0.9940769990128332,0.9928430404738401
0.9,0.4,0.1,decision_tree,0.9940769990128332,0.9940769990128332
0.95,0.4,0.1,decision_tree,0.9940769990128332,0.9940769990128332
0.99,0.4,0.1,decision_tree,0.9940769990128332,0.9940769990128332
1.0,0.4,0.1,decision_tree,0.9940769990128332,0.9940769990128332
0.9,0.4,0.1,random_forest,0.9755676209279368,0.9249753208292202
0.95,0.4,0.1,random_forest,0.9755676209279368,0.9249753208292202
0.99,0.4,0.1,random_forest,0.9891411648568608,0.9802566633761106
1.0,0.4,0.1,random_forest,0.9940769990128332,0.9940769990128332
0.9,0.4,0.2,svm_rbf,0.9686574531095755,0.9686574531095755
0.95,0.4,0.2,svm_rbf,0.9953109575518263,0.9953109575518263
0.99,0.4,0.2,svm_rbf,0.9953109575518263,0.9953109575518263
1.0,0.4,0.2,svm_rbf,0.9953109575518263,0.9953109575518263
0.9,0.4,0.2,logistic_regression,0.9861796643632774,0.9146100691016782
0.95,0.4,0.2,logistic_regression,0.9861796643632774,0.9146100691016782
0.99,0.4,0.2,logistic_regression,0.991609081934847,0.9481737413622903
1.0,0.4,0.2,logistic_regression,0.9953109575518263,0.9940769990128332
0.9,0.4,0.2,decision_tree,0.9953109575518263,0.9953109575518263
0.95,0.4,0.2,decision_tree,0.9953109575518263,0.9953109575518263
0.99,0.4,0.2,decision_tree,0.9953109575518263,0.9953109575518263
1.0,0.4,0.2,decision_tree,0.9953109575518263,0.9953109575518263
0.9,0.4,0.2,random_forest,0.9595261599210266,0.8260118460019743
0.95,0.4,0.2,random_forest,0.9790227048371175,0.930898321816387
0.99,0.4,0.2,random_forest,0.9913622902270484,0.9851924975320829
1.0,0.4,0.2,random_forest,0.9953109575518263,0.9953109575518263
0.9,0.4,0.3,svm_rbf,0.9770483711747285,0.9770483711747285
0.95,0.4,0.3,svm_rbf,0.9960513326752222,0.9960513326752222
0.99,0.4,0.3,svm_rbf,0.9960513326752222,0.9960513326752222
1.0,0.4,0.3,svm_rbf,0.9960513326752222,0.9960513326752222
0.9,0.4,0.3,logistic_regression,0.9669299111549852,0.782329713721619
0.95,0.4,0.3,logistic_regression,0.9881539980256664,0.9274432379072063
0.99,0.4,0.3,logistic_regression,0.9938302073050346,0.963228035538006
1.0,0.4,0.3,logistic_regression,0.9960513326752222,0.9953109575518263
0.9,0.4,0.3,decision_tree,0.9960513326752222,0.9960513326752222
0.95,0.4,0.3,decision_tree,0.9960513326752222,0.9960513326752222
0.99,0.4,0.3,decision_tree,0.9960513326752222,0.9960513326752222
1.0,0.4,0.3,decision_tree,0.9960513326752222,0.9960513326752222
0.9,0.4,0.3,random_forest,0.9666831194471865,0.8371174728529122
0.95,0.4,0.3,random_forest,0.9817374136229022,0.9360809476801579
0.99,0.4,0.3,random_forest,0.9940769990128332,0.9911154985192497
1.0,0.4,0.3,random_forest,0.9960513326752222,0.9960513326752222
0.9,0.4,0.4,svm_rbf,0.9849457058242843,0.9849457058242843
0.95,0.4,0.4,svm_rbf,0.9972852912142152,0.9972852912142152
0.99,0.4,0.4,svm_rbf,0.9972852912142152,0.9972852912142152
1.0,0.4,0.4,svm_rbf,0.9972852912142152,0.9972852912142152
0.9,0.4,0.4,logistic_regression,0.9777887462981244,0.8526653504442251
0.95,0.4,0.4,logistic_regression,0.9888943731490621,0.9296643632773939
0.99,0.4,0.4,logistic_regression,0.9955577492596249,0.9743336623889437
1.0,0.4,0.4,logistic_regression,0.9972852912142152,0.9970384995064165
0.9,0.4,0.4,decision_tree,0.9972852912142152,0.9972852912142152
0.95,0.4,0.4,decision_tree,0.9972852912142152,0.9972852912142152
0.99,0.4,0.4,decision_tree,0.9972852912142152,0.9972852912142152
1.0,0.4,0.4,decision_tree,0.9972852912142152,0.9972852912142152
0.9,0.4,0.4,random_forest,0.9777887462981244,0.8936327739387957
0.95,0.4,0.4,random_forest,0.9881539980256664,0.9587857847976308
0.99,0.4,0.4,random_forest,0.9955577492596249,0.9933366238894373
1.0,0.4,0.4,random_forest,0.9972852912142152,0.9972852912142152
0.9,0.4,0.5,svm_rbf,0.9933366238894373,0.9933366238894373
0.95,0.4,0.5,svm_rbf,0.9987660414610069,0.9987660414610069
0.99,0.4,0.5,svm_rbf,0.9987660414610069,0.9987660414610069
1.0,0.4,0.5,svm_rbf,0.9987660414610069,0.9987660414610069
0.9,0.4,0.5,logistic_regression,0.9888943731490621,0.9333662388943732
0.95,0.4,0.5,logistic_regression,0.9943237907206318,0.9644619940769991
0.99,0.4,0.5,logistic_regression,0.9982724580454096,0.9898815399802566
1.0,0.4,0.5,logistic_regression,0.9987660414610069,0.9975320829220138
0.9,0.4,0.5,decision_tree,0.9987660414610069,0.9987660414610069
0.95,0.4,0.5,decision_tree,0.9987660414610069,0.9987660414610069
0.99,0.4,0.5,decision_tree,0.9987660414610069,0.9987660414610069
1.0,0.4,0.5,decision_tree,0.9987660414610069,0.9987660414610069
0.9,0.4,0.5,random_forest,0.9888943731490621,0.9459526159921027
0.95,0.4,0.5,random_forest,0.9945705824284304,0.980009871668312
0.99,0.4,0.5,random_forest,0.9977788746298124,0.9945705824284304
1.0,0.4,0.5,random_forest,0.9987660414610069,0.9970384995064165
0.9,0.5,0.1,svm_rbf,0.9642152023692004,0.9642152023692004
0.95,0.5,0.1,svm_rbf,0.9948173741362291,0.9948173741362291
0.99,0.5,0.1,svm_rbf,0.9948173741362291,0.9948173741362291
1.0,0.5,0.1,svm_rbf,0.9948173741362291,0.9948173741362291
0.9,0.5,0.1,logistic_regression,0.9597729516288253,0.713228035538006
0.95,0.5,0.1,logistic_regression,0.9866732477788747,0.9153504442250741
0.99,0.5,0.1,logistic_regression,0.9921026653504442,0.9743336623889437
1.0,0.5,0.1,logistic_regression,0.9948173741362291,0.9938302073050346
0.9,0.5,0.1,decision_tree,0.9948173741362291,0.9948173741362291
0.95,0.5,0.1,decision_tree,0.9948173741362291,0.9948173741362291
0.99,0.5,0.1,decision_tree,0.9948173741362291,0.9948173741362291
1.0,0.5,0.1,decision_tree,0.9948173741362291,0.9948173741362291
0.9,0.5,0.1,random_forest,0.9602665350444225,0.8141658440276407
0.95,0.5,0.1,random_forest,0.9790227048371175,0.944471865745311
0.99,0.5,0.1,random_forest,0.9913622902270484,0.9814906219151036
1.0,0.5,0.1,random_forest,0.9948173741362291,0.9938302073050346
0.9,0.5,0.2,svm_rbf,0.972852912142152,0.972852912142152
0.95,0.5,0.2,svm_rbf,0.9960513326752222,0.9960513326752222
0.99,0.5,0.2,svm_rbf,0.9960513326752222,0.9960513326752222
1.0,0.5,0.2,svm_rbf,0.9960513326752222,0.9960513326752222
0.9,0.5,0.2,logistic_regression,0.9669299111549852,0.751974333662389
0.95,0.5,0.2,logistic_regression,0.9874136229022705,0.9062191510365252
0.99,0.5,0.2,logistic_regression,0.9945705824284304,0.9822309970384995
1.0,0.5,0.2,logistic_regression,0.9960513326752222,0.9953109575518263
0.9,0.5,0.2,decision_tree,0.9960513326752222,0.9960513326752222
0.95,0.5,0.2,decision_tree,0.9960513326752222,0.9960513326752222
0.99,0.5,0.2,decision_tree,0.9960513326752222,0.9960513326752222
1.0,0.5,0.2,decision_tree,0.9960513326752222,0.9960513326752222
0.9,0.5,0.2,random_forest,0.9669299111549852,0.8045409674234946
0.95,0.5,0.2,random_forest,0.9814906219151036,0.9346001974333662
0.99,0.5,0.2,random_forest,0.9933366238894373,0.9861796643632774
1.0,0.5,0.2,random_forest,0.9960513326752222,0.9950641658440277
0.9,0.5,0.3,svm_rbf,0.9817374136229022,0.9817374136229022
0.95,0.5,0.3,svm_rbf,0.998025666337611,0.998025666337611
0.99,0.5,0.3,svm_rbf,0.998025666337611,0.998025666337611
1.0,0.5,0.3,svm_rbf,0.998025666337611,0.998025666337611
0.9,0.5,0.3,logistic_regression,0.9795162882527148,0.8445212240868707
0.95,0.5,0.3,logistic_regression,0.9908687068114511,0.9304047384007897
0.99,0.5,0.3,logistic_regression,0.9960513326752222,0.972852912142152
1.0,0.5,0.3,logistic_regression,0.998025666337611,0.998025666337611
0.9,0.5,0.3,decision_tree,0.998025666337611,0.998025666337611
0.95,0.5,0.3,decision_tree,0.998025666337611,0.998025666337611
0.99,0.5,0.3,decision_tree,0.998025666337611,0.998025666337611
1.0,0.5,0.3,decision_tree,0.998025666337611,0.998025666337611
0.9,0.5,0.3,random_forest,0.9782823297137216,0.8748766041461007
0.95,0.5,0.3,random_forest,0.9886475814412635,0.9617472852912142
0.99,0.5,0.3,random_forest,0.9960513326752222,0.9918558736426456
1.0,0.5,0.3,random_forest,0.998025666337611,0.9965449160908193
0.9,0.5,0.4,svm_rbf,0.9913622902270484,0.9913622902270484
0.95,0.5,0.4,svm_rbf,0.9995064165844028,0.9995064165844028
0.99,0.5,0.4,svm_rbf,0.9995064165844028,0.9995064165844028
1.0,0.5,0.4,svm_rbf,0.9995064165844028,0.9995064165844028
0.9,0.5,0.4,logistic_regression,0.989634748272458,0.9128825271470878
0.95,0.5,0.4,logistic_regression,0.9945705824284304,0.9449654491609082
0.99,0.5,0.4,logistic_regression,0.9985192497532083,0.9869200394866733
1.0,0.5,0.4,logistic_regression,0.9995064165844028,0.9995064165844028
0.9,0.5,0.4,decision_tree,0.9995064165844028,0.9995064165844028
0.95,0.5,0.4,decision_tree,0.9995064165844028,0.9995064165844028
0.99,0.5,0.4,decision_tree,0.9995064165844028,0.9995064165844028
1.0,0.5,0.4,decision_tree,0.9995064165844028,0.9995064165844028
0.9,0.5,0.4,random_forest,0.989634748272458,0.9207798617966436
0.95,0.5,0.4,random_forest,0.9945705824284304,0.9681638696939783
0.99,0.5,0.4,random_forest,0.9985192497532083,0.9955577492596249
1.0,0.5,0.4,random_forest,0.9995064165844028,0.9987660414610069
0.99,0.5,0.2,logistic_regression,0.9945705824284304,0.9822309970384995
0.99,0.5,0.3,random_forest,0.9960513326752222,0.9918558736426456
1,0.5,0.3,random_forest,0.998025666337611,0.9965449160908193
1,0.5,0.2,logistic_regression,0.9960513326752222,0.9953109575518263
0.9,0.5,0.4,svm_rbf,0.9913622902270484,0.9913622902270484
0.9,0.5,0.2,decision_tree,0.9960513326752222,0.9960513326752222
0.95,0.5,0.4,svm_rbf,0.9995064165844028,0.9995064165844028
0.95,0.5,0.2,decision_tree,0.9960513326752222,0.9960513326752222
0.99,0.5,0.4,svm_rbf,0.9995064165844028,0.9995064165844028
1,0.5,0.4,svm_rbf,0.9995064165844028,0.9995064165844028
0.99,0.5,0.2,decision_tree,0.9960513326752222,0.9960513326752222
0.9,0.5,0.4,logistic_regression,0.989634748272458,0.9128825271470878
1,0.5,0.2,decision_tree,0.9960513326752222,0.9960513326752222
0.95,0.5,0.4,logistic_regression,0.9945705824284304,0.9449654491609082
0.9,0.5,0.2,random_forest,0.9669299111549852,0.8045409674234946
0.99,0.5,0.4,logistic_regression,0.9985192497532083,0.9869200394866733
1,0.5,0.4,logistic_regression,0.9995064165844028,0.9995064165844028
0.95,0.5,0.2,random_forest,0.9814906219151036,0.9346001974333662
0.9,0.5,0.4,decision_tree,0.9995064165844028,0.9995064165844028
0.99,0.5,0.2,random_forest,0.9933366238894373,0.9861796643632774
0.95,0.5,0.4,decision_tree,0.9995064165844028,0.9995064165844028
1,0.5,0.2,random_forest,0.9960513326752222,0.9950641658440277
0.99,0.5,0.4,decision_tree,0.9995064165844028,0.9995064165844028
0.9,0.5,0.3,svm_rbf,0.9817374136229022,0.9817374136229022
1,0.5,0.4,decision_tree,0.9995064165844028,0.9995064165844028
0.9,0.5,0.4,random_forest,0.989634748272458,0.9207798617966436
0.95,0.5,0.3,svm_rbf,0.998025666337611,0.998025666337611
0.95,0.5,0.4,random_forest,0.9945705824284304,0.9681638696939783
0.99,0.5,0.3,svm_rbf,0.998025666337611,0.998025666337611
0.99,0.5,0.4,random_forest,0.9985192497532083,0.9955577492596249
1,0.5,0.3,svm_rbf,0.998025666337611,0.998025666337611
1,0.5,0.4,random_forest,0.9995064165844028,0.9987660414610069
0.9,0.5,0.3,logistic_regression,0.9795162882527148,0.8445212240868707
0.95,0.5,0.3,logistic_regression,0.9908687068114511,0.9304047384007897
0.99,0.5,0.3,logistic_regression,0.9960513326752222,0.972852912142152
1,0.5,0.3,logistic_regression,0.998025666337611,0.998025666337611
0.9,0.5,0.3,decision_tree,0.998025666337611,0.998025666337611
0.95,0.5,0.3,decision_tree,0.998025666337611,0.998025666337611
0.99,0.5,0.3,decision_tree,0.998025666337611,0.998025666337611
1,0.5,0.3,decision_tree,0.998025666337611,0.998025666337611
0.9,0.5,0.3,random_forest,0.9782823297137216,0.8748766041461007
0.95,0.5,0.3,random_forest,0.9886475814412635,0.9617472852912142
0.99,0.5,0.3,random_forest,0.9960513326752222,0.9918558736426456
1,0.5,0.3,random_forest,0.998025666337611,0.9965449160908193
0.9,0.5,0.4,svm_rbf,0.9913622902270484,0.9913622902270484
0.95,0.5,0.4,svm_rbf,0.9995064165844028,0.9995064165844028
0.99,0.5,0.4,svm_rbf,0.9995064165844028,0.9995064165844028
1,0.5,0.4,svm_rbf,0.9995064165844028,0.9995064165844028
0.9,0.5,0.4,logistic_regression,0.989634748272458,0.9128825271470878
0.95,0.5,0.4,logistic_regression,0.9945705824284304,0.9449654491609082
0.99,0.5,0.4,logistic_regression,0.9985192497532083,0.9869200394866733
1,0.5,0.4,logistic_regression,0.9995064165844028,0.9995064165844028
0.9,0.5,0.4,decision_tree,0.9995064165844028,0.9995064165844028
0.95,0.5,0.4,decision_tree,0.9995064165844028,0.9995064165844028
0.99,0.5,0.4,decision_tree,0.9995064165844028,0.9995064165844028
1,0.5,0.4,decision_tree,0.9995064165844028,0.9995064165844028
0.9,0.5,0.4,random_forest,0.989634748272458,0.9207798617966436
0.95,0.5,0.4,random_forest,0.9945705824284304,0.9681638696939783
0.99,0.5,0.4,random_forest,0.9985192497532083,0.9955577492596249
1,0.5,0.4,random_forest,0.9995064165844028,0.9987660414610069
